<?xml version="1.0" encoding="UTF-8" standalone="no"?>
<drjava version="drjava-20140826-r5761">
  <project autorefresh="true" build="bin/" main="taller.Main" manifest="" root="src/" work="">
    <createjar file="proyecto1.jar" flags="12"/>
    <source>
      <file active="true" name="api/proyecto1/interfaces/centralllamadas/ListaClientes.java" package="api" timestamp="05-Sep-2015 14:09:14">
        <select from="12" to="12"/>
        <scroll column="3" row="0"/>
      </file>
      <file name="api/proyecto1/interfaces/centralllamadas/QueueLlamadas.java" package="api" timestamp="02-Sep-2015 06:57:03">
        <select from="12" to="12"/>
        <scroll column="3" row="0"/>
      </file>
      <file name="api/proyecto1/interfaces/analisisunificado/AnalisisUnificado.java" package="api" timestamp="27-Aug-2015 12:15:22">
        <select from="12" to="12"/>
        <scroll column="3" row="0"/>
      </file>
      <file name="api/proyecto1/interfaces/centralvehiculos/ProcessJSON.java" package="api.proyecto1.interfaces.centralvehiculos" timestamp="03-Sep-2015 15:06:57">
        <select from="12" to="12"/>
        <scroll column="3" row="0"/>
      </file>
      <file name="api/proyecto1/interfaces/TipoEventoControl.java" package="api.proyecto1.interfaces" timestamp="25-Aug-2015 16:36:28">
        <select from="12" to="12"/>
        <scroll column="3" row="0"/>
      </file>
      <file name="api/proyecto1/interfaces/centralvehiculos/IVehiculo.java" package="api.proyecto1.interfaces.centralvehiculos" timestamp="20-Aug-2015 18:52:44">
        <select from="12" to="12"/>
        <scroll column="3" row="0"/>
      </file>
      <file name="test/MainTest.java" package="test" timestamp="20-Aug-2015 15:41:24">
        <select from="12" to="12"/>
        <scroll column="3" row="0"/>
      </file>
      <file name="mundo/Main.java" package="mundo" timestamp="20-Aug-2015 15:41:28">
        <select from="12" to="12"/>
        <scroll column="3" row="0"/>
      </file>
      <file name="api/proyecto1/interfaces/centralllamadas/CategoriaCaso.java" package="api.proyecto1.interfaces.centralllamadas" timestamp="20-Aug-2015 15:40:08">
        <select from="12" to="12"/>
        <scroll column="3" row="0"/>
      </file>
      <file name="api/proyecto1/interfaces/centralllamadas/EstadoCaso.java" package="api.proyecto1.interfaces.centralllamadas" timestamp="20-Aug-2015 15:40:10">
        <select from="12" to="12"/>
        <scroll column="3" row="0"/>
      </file>
      <file name="api/proyecto1/interfaces/centralllamadas/ICaso.java" package="api.proyecto1.interfaces.centralllamadas" timestamp="20-Aug-2015 15:40:16">
        <select from="12" to="12"/>
        <scroll column="3" row="0"/>
      </file>
      <file name="api/proyecto1/interfaces/centralllamadas/IAgente.java" package="api.proyecto1.interfaces.centralllamadas" timestamp="25-Aug-2015 16:27:30">
        <select from="12" to="12"/>
        <scroll column="3" row="0"/>
      </file>
      <file name="api/proyecto1/interfaces/centralllamadas/ICliente.java" package="api.proyecto1.interfaces.centralllamadas" timestamp="25-Aug-2015 16:28:08">
        <select from="12" to="12"/>
        <scroll column="3" row="0"/>
      </file>
      <file name="api/proyecto1/interfaces/centralllamadas/IPedidoDespacho.java" package="api.proyecto1.interfaces.centralllamadas" timestamp="20-Aug-2015 15:40:34">
        <select from="12" to="12"/>
        <scroll column="3" row="0"/>
      </file>
      <file name="api/proyecto1/interfaces/centralvehiculos/IPunto.java" package="api.proyecto1.interfaces.centralvehiculos" timestamp="20-Aug-2015 15:39:48">
        <select from="12" to="12"/>
        <scroll column="3" row="0"/>
      </file>
      <file name="api/proyecto1/interfaces/centralvehiculos/ISegmento.java" package="api.proyecto1.interfaces.centralvehiculos" timestamp="20-Aug-2015 15:39:54">
        <select from="12" to="12"/>
        <scroll column="3" row="0"/>
      </file>
      <file name="api/proyecto1/interfaces/centralllamadas/TipoProblema.java" package="api.proyecto1.interfaces.centralllamadas" timestamp="20-Aug-2015 15:40:40">
        <select from="12" to="12"/>
        <scroll column="3" row="0"/>
      </file>
      <file name="api/proyecto1/interfaces/centralvehiculos/TipoEventoVehiculo.java" package="api.proyecto1.interfaces.centralvehiculos" timestamp="20-Aug-2015 15:40:00">
        <select from="12" to="12"/>
        <scroll column="3" row="0"/>
      </file>
      <file name="api/proyecto1/interfaces/analisisunificado/IAnalisisUnificado.java" package="api.proyecto1.interfaces.analisisunificado" timestamp="20-Aug-2015 18:45:44">
        <select from="12" to="12"/>
        <scroll column="3" row="0"/>
      </file>
      <file name="api/proyecto1/interfaces/centralllamadas/ICentralLlamadas.java" package="api.proyecto1.interfaces.centralllamadas" timestamp="25-Aug-2015 16:30:14">
        <select from="12" to="12"/>
        <scroll column="3" row="0"/>
      </file>
      <file name="api/proyecto1/interfaces/centralllamadas/ILlamada.java" package="api.proyecto1.interfaces.centralllamadas" timestamp="20-Aug-2015 18:49:18">
        <select from="12" to="12"/>
        <scroll column="3" row="0"/>
      </file>
      <file name="api/proyecto1/interfaces/centralllamadas/IProblema.java" package="api.proyecto1.interfaces.centralllamadas" timestamp="20-Aug-2015 18:50:22">
        <select from="12" to="12"/>
        <scroll column="3" row="0"/>
      </file>
      <file name="api/proyecto1/interfaces/centralvehiculos/ICentralVehiculos.java" package="api.proyecto1.interfaces.centralvehiculos" timestamp="20-Aug-2015 18:51:36">
        <select from="12" to="12"/>
        <scroll column="3" row="0"/>
      </file>
      <file name="api/proyecto1/interfaces/centralvehiculos/IEventoVehiculo.java" package="api.proyecto1.interfaces.centralvehiculos" timestamp="20-Aug-2015 18:52:24">
        <select from="12" to="12"/>
        <scroll column="3" row="0"/>
      </file>
      <file name="api/proyecto1/interfaces/centralvehiculos/IRuta.java" package="api.proyecto1.interfaces.centralvehiculos" timestamp="03-Sep-2015 15:06:57">
        <select from="12" to="12"/>
        <scroll column="3" row="0"/>
      </file>
      <file name="api/proyecto1/interfaces/TipoEventoDatos.java" package="api.proyecto1.interfaces" timestamp="25-Aug-2015 16:35:58">
        <select from="12" to="12"/>
        <scroll column="3" row="0"/>
      </file>
      <file name="api/proyecto1/interfaces/centralvehiculos/PilaEventosSospechosos.java" package="api.proyecto1.interfaces.centralvehiculos" timestamp="05-Sep-2015 12:48:54">
        <select from="12" to="12"/>
        <scroll column="3" row="0"/>
      </file>
      <file name="api/proyecto1/interfaces/centralvehiculos/Node.java" package="api.proyecto1.interfaces.centralvehiculos" timestamp="05-Sep-2015 12:48:54">
        <select from="12" to="12"/>
        <scroll column="3" row="0"/>
      </file>
      <file name="api/proyecto1/interfaces/centralvehiculos/EventoVehiculo.java" package="api.proyecto1.interfaces.centralvehiculos" timestamp="03-Sep-2015 15:06:57">
        <select from="12" to="12"/>
        <scroll column="3" row="0"/>
      </file>
      <file name="api/proyecto1/interfaces/centralvehiculos/ColaEventos.java" package="api.proyecto1.interfaces.centralvehiculos" timestamp="05-Sep-2015 12:48:54">
        <select from="12" to="12"/>
        <scroll column="3" row="0"/>
      </file>
      <file name="api/proyecto1/interfaces/centralllamadas/QueueAgentes.java" package="api" timestamp="03-Sep-2015 08:52:25">
        <select from="12" to="12"/>
        <scroll column="3" row="0"/>
      </file>
      <file name="api/proyecto1/interfaces/centralvehiculos/Vehiculo.java" package="api.proyecto1.interfaces.centralvehiculos" timestamp="06-Sep-2015 19:04:21">
        <select from="12" to="12"/>
        <scroll column="3" row="0"/>
      </file>
      <file name="api/proyecto1/interfaces/centralvehiculos/Segmento.java" package="api.proyecto1.interfaces.centralvehiculos" timestamp="05-Sep-2015 12:48:54">
        <select from="12" to="12"/>
        <scroll column="3" row="0"/>
      </file>
      <file name="api/proyecto1/interfaces/centralvehiculos/Ruta.java" package="api.proyecto1.interfaces.centralvehiculos" timestamp="06-Sep-2015 19:04:21">
        <select from="12" to="12"/>
        <scroll column="3" row="0"/>
      </file>
      <file name="api/proyecto1/interfaces/centralvehiculos/Punto.java" package="api.proyecto1.interfaces.centralvehiculos" timestamp="05-Sep-2015 12:48:54">
        <select from="12" to="12"/>
        <scroll column="3" row="0"/>
      </file>
      <file name="api/proyecto1/interfaces/centralvehiculos/NodeLista.java" package="api.proyecto1.interfaces.centralvehiculos" timestamp="05-Sep-2015 12:48:54">
        <select from="12" to="12"/>
        <scroll column="3" row="0"/>
      </file>
      <file name="api/proyecto1/interfaces/centralvehiculos/ListaSegmentos.java" package="api.proyecto1.interfaces.centralvehiculos" timestamp="05-Sep-2015 12:48:54">
        <select from="12" to="12"/>
        <scroll column="3" row="0"/>
      </file>
      <file name="api/proyecto1/interfaces/centralvehiculos/IPilaEventosSospechosos.java" package="api.proyecto1.interfaces.centralvehiculos" timestamp="03-Sep-2015 15:06:57">
        <select from="12" to="12"/>
        <scroll column="3" row="0"/>
      </file>
      <file name="api/proyecto1/interfaces/centralvehiculos/IColaEventos.java" package="api.proyecto1.interfaces.centralvehiculos" timestamp="03-Sep-2015 15:06:57">
        <select from="12" to="12"/>
        <scroll column="3" row="0"/>
      </file>
      <file name="api/proyecto1/interfaces/centralllamadas/Agente.java" package="api" timestamp="05-Sep-2015 14:09:14">
        <select from="12" to="12"/>
        <scroll column="3" row="0"/>
      </file>
      <file name="api/proyecto1/interfaces/centralllamadas/ListaAgentes.java" package="api" timestamp="05-Sep-2015 14:09:14">
        <select from="12" to="12"/>
        <scroll column="3" row="0"/>
      </file>
      <file name="api/proyecto1/interfaces/centralllamadas/Cliente.java" package="api" timestamp="05-Sep-2015 14:35:08">
        <select from="12" to="12"/>
        <scroll column="3" row="0"/>
      </file>
      <file name="api/proyecto1/interfaces/centralvehiculos/CentralVehiculos.java" package="api.proyecto1.interfaces.centralvehiculos" timestamp="05-Sep-2015 12:48:54">
        <select from="12" to="12"/>
        <scroll column="3" row="0"/>
      </file>
      <file name="api/proyecto1/interfaces/centralllamadas/PedidoDespacho.java" package="api" timestamp="05-Sep-2015 22:09:29">
        <select from="12" to="12"/>
        <scroll column="3" row="0"/>
      </file>
      <file name="api/proyecto1/interfaces/centralllamadas/Problema.java" package="api" timestamp="05-Sep-2015 22:09:33">
        <select from="12" to="12"/>
        <scroll column="3" row="0"/>
      </file>
      <file name="api/proyecto1/interfaces/centralllamadas/Llamada.java" package="api" timestamp="05-Sep-2015 22:16:03">
        <select from="12" to="12"/>
        <scroll column="3" row="0"/>
      </file>
      <file name="api/proyecto1/interfaces/centralvehiculos/TipoVehiculo.java" package="api.proyecto1.interfaces.centralvehiculos" timestamp="06-Sep-2015 19:04:21">
        <select from="12" to="12"/>
        <scroll column="3" row="0"/>
      </file>
      <file name="api/proyecto1/interfaces/centralllamadas/Caso.java" package="api" timestamp="07-Sep-2015 07:16:19">
        <select from="12" to="12"/>
        <scroll column="3" row="0"/>
      </file>
      <file name="api/proyecto1/interfaces/centralllamadas/ProcessJSON.java" package="api" timestamp="07-Sep-2015 08:36:03">
        <select from="12" to="12"/>
        <scroll column="3" row="0"/>
      </file>
      <file name="api/proyecto1/interfaces/centralllamadas/CentralLlamadas.java" package="api" timestamp="07-Sep-2015 08:36:03">
        <select from="12" to="12"/>
        <scroll column="3" row="0"/>
      </file>
    </source>
    <included/>
    <excluded/>
    <collapsed/>
    <classpath>
      <file absolute="false" name="../lib/hamcrest-core-1.3.jar"/>
      <file absolute="false" name="../lib/junit-4.12.jar"/>
    </classpath>
    <breakpoints/>
    <watches/>
    <bookmarks/>
    <preferences/>
  </project>
</drjava>
