<?xml version="1.0" encoding="UTF-8" standalone="no"?>
<drjava version="drjava-20140826-r5761">
  <project autorefresh="true" build="bin/" main="taller.Main" manifest="" root="src/" work="">
    <createjar file="proyecto1.jar" flags="12"/>
    <source>
      <file active="true" name="api/proyecto1/interfaces/analisisunificado/IAnalisisUnificado.java" package="api.proyecto1.interfaces.analisisunificado" timestamp="20-Aug-2015 18:45:44">
        <select from="517" to="555"/>
        <scroll column="90" row="125"/>
      </file>
      <file name="api/proyecto1/interfaces/TipoEventoControl.java" package="api.proyecto1.interfaces" timestamp="25-Aug-2015 16:36:28">
        <select from="517" to="555"/>
        <scroll column="90" row="125"/>
      </file>
      <file name="api/proyecto1/interfaces/centralvehiculos/IVehiculo.java" package="api.proyecto1.interfaces.centralvehiculos" timestamp="20-Aug-2015 18:52:44">
        <select from="517" to="555"/>
        <scroll column="90" row="125"/>
      </file>
      <file name="test/MainTest.java" package="test" timestamp="20-Aug-2015 15:41:24">
        <select from="517" to="555"/>
        <scroll column="90" row="125"/>
      </file>
      <file name="mundo/Main.java" package="mundo" timestamp="20-Aug-2015 15:41:28">
        <select from="517" to="555"/>
        <scroll column="90" row="125"/>
      </file>
      <file name="api/proyecto1/interfaces/centralllamadas/CategoriaCaso.java" package="api.proyecto1.interfaces.centralllamadas" timestamp="20-Aug-2015 15:40:08">
        <select from="517" to="555"/>
        <scroll column="90" row="125"/>
      </file>
      <file name="api/proyecto1/interfaces/centralllamadas/EstadoCaso.java" package="api.proyecto1.interfaces.centralllamadas" timestamp="20-Aug-2015 15:40:10">
        <select from="517" to="555"/>
        <scroll column="90" row="125"/>
      </file>
      <file name="api/proyecto1/interfaces/centralllamadas/ICaso.java" package="api.proyecto1.interfaces.centralllamadas" timestamp="20-Aug-2015 15:40:16">
        <select from="517" to="555"/>
        <scroll column="90" row="125"/>
      </file>
      <file name="api/proyecto1/interfaces/centralllamadas/IAgente.java" package="api.proyecto1.interfaces.centralllamadas" timestamp="25-Aug-2015 16:27:30">
        <select from="517" to="555"/>
        <scroll column="90" row="125"/>
      </file>
      <file name="api/proyecto1/interfaces/centralllamadas/ICliente.java" package="api.proyecto1.interfaces.centralllamadas" timestamp="25-Aug-2015 16:28:08">
        <select from="517" to="555"/>
        <scroll column="90" row="125"/>
      </file>
      <file name="api/proyecto1/interfaces/centralllamadas/IPedidoDespacho.java" package="api.proyecto1.interfaces.centralllamadas" timestamp="20-Aug-2015 15:40:34">
        <select from="517" to="555"/>
        <scroll column="90" row="125"/>
      </file>
      <file name="api/proyecto1/interfaces/centralvehiculos/IPunto.java" package="api.proyecto1.interfaces.centralvehiculos" timestamp="20-Aug-2015 15:39:48">
        <select from="517" to="555"/>
        <scroll column="90" row="125"/>
      </file>
      <file name="api/proyecto1/interfaces/centralvehiculos/ISegmento.java" package="api.proyecto1.interfaces.centralvehiculos" timestamp="20-Aug-2015 15:39:54">
        <select from="517" to="555"/>
        <scroll column="90" row="125"/>
      </file>
      <file name="api/proyecto1/interfaces/centralllamadas/TipoProblema.java" package="api.proyecto1.interfaces.centralllamadas" timestamp="20-Aug-2015 15:40:40">
        <select from="517" to="555"/>
        <scroll column="90" row="125"/>
      </file>
      <file name="api/proyecto1/interfaces/centralvehiculos/TipoEventoVehiculo.java" package="api.proyecto1.interfaces.centralvehiculos" timestamp="20-Aug-2015 15:40:00">
        <select from="517" to="555"/>
        <scroll column="90" row="125"/>
      </file>
      <file name="api/proyecto1/interfaces/centralllamadas/ICentralLlamadas.java" package="api.proyecto1.interfaces.centralllamadas" timestamp="25-Aug-2015 16:30:14">
        <select from="517" to="555"/>
        <scroll column="90" row="125"/>
      </file>
      <file name="api/proyecto1/interfaces/centralllamadas/ILlamada.java" package="api.proyecto1.interfaces.centralllamadas" timestamp="20-Aug-2015 18:49:18">
        <select from="517" to="555"/>
        <scroll column="90" row="125"/>
      </file>
      <file name="api/proyecto1/interfaces/centralllamadas/IProblema.java" package="api.proyecto1.interfaces.centralllamadas" timestamp="20-Aug-2015 18:50:22">
        <select from="517" to="555"/>
        <scroll column="90" row="125"/>
      </file>
      <file name="api/proyecto1/interfaces/centralvehiculos/ICentralVehiculos.java" package="api.proyecto1.interfaces.centralvehiculos" timestamp="20-Aug-2015 18:51:36">
        <select from="517" to="555"/>
        <scroll column="90" row="125"/>
      </file>
      <file name="api/proyecto1/interfaces/centralvehiculos/IEventoVehiculo.java" package="api.proyecto1.interfaces.centralvehiculos" timestamp="20-Aug-2015 18:52:24">
        <select from="517" to="555"/>
        <scroll column="90" row="125"/>
      </file>
      <file name="api/proyecto1/interfaces/centralvehiculos/IRuta.java" package="api.proyecto1.interfaces.centralvehiculos" timestamp="20-Aug-2015 18:52:38">
        <select from="517" to="555"/>
        <scroll column="90" row="125"/>
      </file>
      <file name="api/proyecto1/interfaces/TipoEventoDatos.java" package="api.proyecto1.interfaces" timestamp="25-Aug-2015 16:35:58">
        <select from="517" to="555"/>
        <scroll column="90" row="125"/>
      </file>
      <file name="api/proyecto1/interfaces/centralvehiculos/ProcessJSON.java" package="api.proyecto1.interfaces.centralvehiculos" timestamp="26-Aug-2015 14:44:26">
        <select from="517" to="555"/>
        <scroll column="90" row="125"/>
      </file>
      <file name="api/proyecto1/interfaces/centralvehiculos/EventoVehiculo.java" package="api.proyecto1.interfaces.centralvehiculos" timestamp="27-Aug-2015 10:47:18">
        <select from="517" to="555"/>
        <scroll column="90" row="125"/>
      </file>
      <file name="api/proyecto1/interfaces/centralvehiculos/IColaEventos.java" package="api.proyecto1.interfaces.centralvehiculos" timestamp="27-Aug-2015 11:14:23">
        <select from="517" to="555"/>
        <scroll column="90" row="125"/>
      </file>
      <file name="api/proyecto1/interfaces/centralvehiculos/ColaEventos.java" package="api.proyecto1.interfaces.centralvehiculos" timestamp="27-Aug-2015 11:14:45">
        <select from="517" to="555"/>
        <scroll column="90" row="125"/>
      </file>
      <file name="api/proyecto1/interfaces/centralvehiculos/IPilaEventosSospechosos.java" package="api.proyecto1.interfaces.centralvehiculos" timestamp="27-Aug-2015 11:28:05">
        <select from="517" to="555"/>
        <scroll column="90" row="125"/>
      </file>
      <file name="api/proyecto1/interfaces/centralvehiculos/Node.java" package="api.proyecto1.interfaces.centralvehiculos" timestamp="27-Aug-2015 11:49:15">
        <select from="517" to="555"/>
        <scroll column="90" row="125"/>
      </file>
      <file name="api/proyecto1/interfaces/centralvehiculos/PilaEventosSospechosos.java" package="api.proyecto1.interfaces.centralvehiculos" timestamp="27-Aug-2015 11:53:36">
        <select from="517" to="555"/>
        <scroll column="90" row="125"/>
      </file>
      <file name="api/proyecto1/interfaces/centralllamadas/Caso.java" package="api.proyecto1.interfaces.centralllamadas" timestamp="27-Aug-2015 11:55:54">
        <select from="517" to="555"/>
        <scroll column="90" row="125"/>
      </file>
    </source>
    <included/>
    <excluded/>
    <collapsed/>
    <classpath>
      <file absolute="false" name="../lib/hamcrest-core-1.3.jar"/>
      <file absolute="false" name="../lib/junit-4.12.jar"/>
    </classpath>
    <breakpoints/>
    <watches/>
    <bookmarks/>
    <preferences/>
  </project>
</drjava>
