<?xml version="1.0" encoding="UTF-8" standalone="no"?>
<drjava version="drjava-20140826-r5761">
  <project autorefresh="true" build="bin/" manifest="" root="src/" work="">
    <createjar file="estructuras.jar" flags="1"/>
    <source>
      <file active="true" name="pry_estructuras/Lista.java" package="pry_estructuras" timestamp="17-Aug-2015 12:52:19">
        <select from="94" to="94"/>
        <scroll column="0" row="0"/>
      </file>
      <file name="pry_estructuras/Cola.java" package="pry_estructuras" timestamp="16-Aug-2015 23:36:31">
        <select from="94" to="94"/>
        <scroll column="0" row="0"/>
      </file>
      <file name="pry_estructuras/test/ColaTest.java" package="pry_estructuras.test" timestamp="16-Aug-2015 23:09:00">
        <select from="94" to="94"/>
        <scroll column="0" row="0"/>
      </file>
      <file name="pry_estructuras/test/ListaTest.java" package="pry_estructuras.test" timestamp="17-Aug-2015 12:51:52">
        <select from="94" to="94"/>
        <scroll column="0" row="0"/>
      </file>
    </source>
    <included/>
    <excluded/>
    <collapsed/>
    <classpath>
      <file absolute="false" name="../lib/interfaces.jar"/>
      <file absolute="false" name="../lib/hamcrest-core-1.3.jar"/>
      <file absolute="false" name="../lib/junit-4.12.jar"/>
    </classpath>
    <breakpoints/>
    <watches/>
    <bookmarks/>
    <preferences/>
  </project>
</drjava>
